date_id,date_complete,jour,mois,trimestre,annee,jour_semaine,est_weekend,saison
20220101,1/1/2022,1,1,1,2022,Samedi,1,Hiver
20220102,1/2/2022,2,1,1,2022,Dimanche,1,Hiver
20220103,1/3/2022,3,1,1,2022,Lundi,0,Hiver
20220104,1/4/2022,4,1,1,2022,Mardi,0,
20220105,1/5/2022,5,1,1,2022,Mercredi,0,Hiver
20220106,1/6/2022,6,1,1,2022,Jeudi,0,Hiver
20220107,1/7/2022,7,1,1,2022,Vendredi,0,Hiver
20220108,1/8/2022,8,1,1,2022,Samedi,1,Hiver
20220109,1/9/2022,9,1,1,2022,Dimanche,1,Hiver
20220110,1/10/2022,10,1,1,2022,Lundi,0,Hiver
20220111,1/11/2022,11,1,1,2022,Mardi,0,Hiver
20220112,1/12/2022,12,1,1,2022,Mercredi,0,Hiver
20220113,1/13/2022,13,1,1,2022,Jeudi,0,Hiver
20220114,1/14/2022,14,1,1,2022,Vendredi,0,Hiver
20220115,1/15/2022,15,1,1,2022,Samedi,1,Hiver
20220116,1/16/2022,16,1,1,2022,Dimanche,1,Hiver
20220117,1/17/2022,17,1,1,2022,Lundi,0,Hiver
20220118,1/18/2022,18,1,1,2022,Mardi,0,Hiver
20220119,1/19/2022,19,1,1,2022,Mercredi,0,Hiver
20220120,1/20/2022,20,1,1,2022,Jeudi,0,Hiver
20220121,1/21/2022,21,1,1,2022,Vendredi,0,Hiver
20220122,1/22/2022,22,1,1,2022,Samedi,1,Hiver
20220123,1/23/2022,23,1,1,2022,Dimanche,1,
20220124,1/24/2022,24,1,1,2022,Lundi,0,Hiver
20220125,1/25/2022,25,1,1,2022,Mardi,0,Hiver
20220126,1/26/2022,26,1,1,2022,Mercredi,0,Hiver
20220127,1/27/2022,27,1,1,2022,Jeudi,0,Hiver
20220128,1/28/2022,28,1,1,2022,Vendredi,0,Hiver
20220129,1/29/2022,29,1,1,2022,Samedi,1,Hiver
20220130,1/30/2022,30,1,1,2022,Dimanche,1,Hiver
20220131,1/31/2022,31,1,1,2022,Lundi,0,Hiver
20220201,2/1/2022,1,2,1,2022,Mardi,0,Hiver
20220202,2/2/2022,2,2,1,2022,Mercredi,0,Hiver
20220203,2/3/2022,3,2,1,2022,Jeudi,0,Hiver
20220204,2/4/2022,4,2,1,2022,Vendredi,0,Hiver
20220205,2/5/2022,5,2,1,2022,Samedi,1,Hiver
20220206,2/6/2022,6,2,1,2022,Dimanche,1,Hiver
20220207,2/7/2022,7,2,1,2022,Lundi,0,Hiver
20220208,2/8/2022,8,2,1,2022,Mardi,0,Hiver
20220209,2/9/2022,9,2,1,2022,Mercredi,0,Hiver
20220210,2/10/2022,10,2,1,2022,Jeudi,0,Hiver
20220211,2/11/2022,11,2,1,2022,Vendredi,0,Hiver
20220212,2/12/2022,12,2,1,2022,Samedi,1,Hiver
20220213,2/13/2022,13,2,1,2022,Dimanche,1,Hiver
20220214,2/14/2022,14,2,1,2022,Lundi,0,Hiver
20220215,2/15/2022,15,2,1,2022,Mardi,0,Hiver
20220216,2/16/2022,16,2,1,2022,Mercredi,0,Hiver
20220217,2/17/2022,17,2,1,2022,Jeudi,0,Hiver
20220218,2/18/2022,18,2,1,2022,Vendredi,0,Hiver
20220219,2/19/2022,19,2,1,2022,Samedi,1,Hiver
20220220,2/20/2022,20,2,1,2022,Dimanche,1,Hiver
20220221,2/21/2022,21,2,1,2022,Lundi,0,Hiver
20220222,2/22/2022,22,2,1,2022,Mardi,0,Hiver
20220223,2/23/2022,23,2,1,2022,Mercredi,0,Hiver
20220224,24/02/2022,24,2,1,2022,Jeudi,0,Hiver
20220225,2/25/2022,25,2,1,2022,Vendredi,0,Hiver
20220226,2/26/2022,26,2,1,2022,Samedi,1,Hiver
20220227,2/27/2022,27,2,1,2022,Dimanche,1,Hiver
20220228,2/28/2022,28,2,1,2022,Lundi,0,Hiver
20220301,3/1/2022,1,3,1,2022,Mardi,0,Printemps
20220302,3/2/2022,2,3,1,2022,Mercredi,0,Printemps
20220303,3/3/2022,3,3,1,2022,Jeudi,0,Printemps
20220304,3/4/2022,4,3,1,2022,Vendredi,0,Printemps
20220305,3/5/2022,5,3,1,2022,Samedi,1,Printemps
20220306,3/6/2022,6,3,1,2022,Dimanche,1,Printemps
20220307,3/7/2022,7,3,1,2022,Lundi,0,Printemps
20220308,3/8/2022,8,3,1,2022,Mardi,0,Printemps
20220309,3/9/2022,9,3,1,2022,Mercredi,0,Printemps
20220310,3/10/2022,10,3,1,2022,Jeudi,0,Printemps
20220311,3/11/2022,11,3,1,2022,Vendredi,0,Printemps
20220312,3/12/2022,12,3,1,2022,Samedi,1,Printemps
20220313,3/13/2022,13,3,1,2022,Dimanche,1,Printemps
20220314,3/14/2022,14,3,1,2022,Lundi,0,Printemps
20220315,3/15/2022,15,3,1,2022,Mardi,0,Printemps
20220316,3/16/2022,16,3,1,2022,Mercredi,0,Printemps
20220317,3/17/2022,17,3,1,2022,Jeudi,0,
20220318,3/18/2022,18,3,1,2022,Vendredi,0,Printemps
20220319,3/19/2022,19,3,1,2022,Samedi,1,Printemps
20220320,3/20/2022,20,3,1,2022,Dimanche,1,Printemps
20220321,3/21/2022,21,3,1,2022,Lundi,0,Printemps
20220322,3/22/2022,22,3,1,2022,Mardi,0,Printemps
20220323,3/23/2022,23,3,1,2022,Mercredi,0,Printemps
20220324,24/03/2022,24,3,1,2022,Jeudi,0,Printemps
20220325,3/25/2022,25,3,1,2022,Vendredi,0,Printemps
20220326,3/26/2022,26,3,1,2022,Samedi,1,Printemps
20220327,3/27/2022,27,3,1,2022,Dimanche,1,
20220328,3/28/2022,28,3,1,2022,Lundi,0,Printemps
20220329,3/29/2022,29,3,1,2022,Mardi,0,
20220330,3/30/2022,30,3,1,2022,Mercredi,0,Printemps
20220331,3/31/2022,31,3,1,2022,Jeudi,0,Printemps
20220401,4/1/2022,1,4,2,2022,Vendredi,0,Printemps
20220402,4/2/2022,2,4,2,2022,Samedi,1,Printemps
20220403,4/3/2022,3,4,2,2022,Dimanche,1,Printemps
20220404,4/4/2022,4,4,2,2022,Lundi,0,Printemps
20220405,4/5/2022,5,4,2,2022,Mardi,0,Printemps
20220406,4/6/2022,6,4,2,2022,Mercredi,0,
20220407,4/7/2022,7,4,2,2022,Jeudi,0,Printemps
20220408,4/8/2022,8,4,2,2022,Vendredi,0,Printemps
20220409,4/9/2022,9,4,2,2022,Samedi,1,Printemps
20220410,4/10/2022,10,4,2,2022,Dimanche,1,Printemps
20220411,4/11/2022,11,4,2,2022,Lundi,0,Printemps
20220412,4/12/2022,12,4,2,2022,Mardi,0,Printemps
20220413,4/13/2022,13,4,2,2022,Mercredi,0,Printemps
20220414,4/14/2022,14,4,2,2022,Jeudi,0,Printemps
20220415,15/04/2022,15,4,2,2022,Vendredi,0,Printemps
20220416,4/16/2022,16,4,2,2022,Samedi,1,Printemps
20220417,4/17/2022,17,4,2,2022,Dimanche,1,Printemps
20220418,18/04/2022,18,4,2,2022,Lundi,0,Printemps
20220419,4/19/2022,19,4,2,2022,Mardi,0,Printemps
20220420,20/04/2022,20,4,2,2022,Mercredi,0,Printemps
20220421,4/21/2022,21,4,2,2022,Jeudi,0,Printemps
20220422,4/22/2022,22,4,2,2022,Vendredi,0,Printemps
20220423,4/23/2022,23,4,2,2022,Samedi,1,Printemps
20220424,4/24/2022,24,4,2,2022,Dimanche,1,Printemps
20220425,4/25/2022,25,4,2,2022,Lundi,0,Printemps
20220426,4/26/2022,26,4,2,2022,Mardi,0,Printemps
20220427,4/27/2022,27,4,2,2022,Mercredi,0,Printemps
20220428,4/28/2022,28,4,2,2022,Jeudi,0,Printemps
20220429,4/29/2022,29,4,2,2022,Vendredi,0,Printemps
20220430,4/30/2022,30,4,2,2022,Samedi,1,Printemps
20220501,5/1/2022,1,5,2,2022,Dimanche,1,Printemps
20220502,5/2/2022,2,5,2,2022,Lundi,0,Printemps
20220503,5/3/2022,3,5,2,2022,Mardi,0,Printemps
20220504,5/4/2022,4,5,2,2022,Mercredi,0,Printemps
20220505,5/5/2022,5,5,2,2022,Jeudi,0,Printemps
20220506,5/6/2022,6,5,2,2022,Vendredi,0,
20220507,5/7/2022,7,5,2,2022,Samedi,1,Printemps
20220508,5/8/2022,8,5,2,2022,Dimanche,1,Printemps
20220509,5/9/2022,9,5,2,2022,Lundi,0,Printemps
20220510,5/10/2022,10,5,2,2022,Mardi,0,Printemps
20220511,5/11/2022,11,5,2,2022,Mercredi,0,Printemps
20220512,12/5/2022,12,5,2,2022,Jeudi,0,Printemps
20220513,5/13/2022,13,5,2,2022,Vendredi,0,Printemps
20220514,5/14/2022,14,5,2,2022,Samedi,1,Printemps
20220515,5/15/2022,15,5,2,2022,Dimanche,1,Printemps
20220516,5/16/2022,16,5,2,2022,Lundi,0,Printemps
20220517,5/17/2022,17,5,2,2022,Mardi,0,Printemps
20220518,5/18/2022,18,5,2,2022,Mercredi,0,Printemps
20220519,5/19/2022,19,5,2,2022,Jeudi,0,Printemps
20220520,5/20/2022,20,5,2,2022,Vendredi,0,Printemps
20220521,21/05/2022,21,5,2,2022,Samedi,1,Printemps
20220522,5/22/2022,22,5,2,2022,Dimanche,1,Printemps
20220523,5/23/2022,23,5,2,2022,Lundi,0,Printemps
20220524,5/24/2022,24,5,2,2022,Mardi,0,Printemps
20220525,5/25/2022,25,5,2,2022,Mercredi,0,Printemps
20220526,5/26/2022,26,5,2,2022,Jeudi,0,Printemps
20220527,5/27/2022,27,5,2,2022,Vendredi,0,Printemps
20220528,5/28/2022,28,5,2,2022,Samedi,1,Printemps
20220529,5/29/2022,29,5,2,2022,Dimanche,1,Printemps
20220530,5/30/2022,30,5,2,2022,Lundi,0,Printemps
20220531,5/31/2022,31,5,2,2022,Mardi,0,Printemps
20220601,6/1/2022,1,6,2,2022,Mercredi,0,Été
20220602,6/2/2022,2,6,2,2022,Jeudi,0,Été
20220603,6/3/2022,3,6,2,2022,Vendredi,0,Été
20220604,6/4/2022,4,6,2,2022,Samedi,1,Été
20220605,6/5/2022,5,6,2,2022,Dimanche,1,Été
20220606,6/6/2022,6,6,2,2022,Lundi,0,Été
20220607,6/7/2022,7,6,2,2022,Mardi,0,Été
20220608,6/8/2022,8,6,2,2022,Mercredi,0,Été
20220609,6/9/2022,9,6,2,2022,Jeudi,0,Été
20220610,6/10/2022,10,6,2,2022,Vendredi,0,Été
20220611,6/11/2022,11,6,2,2022,Samedi,1,Été
20220612,6/12/2022,12,6,2,2022,Dimanche,1,Été
20220613,6/13/2022,13,6,2,2022,Lundi,0,Été
20220614,6/14/2022,14,6,2,2022,Mardi,0,Été
20220615,6/15/2022,15,6,2,2022,Mercredi,0,Été
20220616,6/16/2022,16,6,2,2022,Jeudi,0,Été
20220617,6/17/2022,17,6,2,2022,Vendredi,0,Été
20220618,6/18/2022,18,6,2,2022,Samedi,1,Été
20220619,6/19/2022,19,6,2,2022,Dimanche,1,Été
20220620,6/20/2022,20,6,2,2022,Lundi,0,Été
20220621,6/21/2022,21,6,2,2022,Mardi,0,Été
20220622,6/22/2022,22,6,2,2022,Mercredi,0,Été
20220623,6/23/2022,23,6,2,2022,Jeudi,0,Été
20220624,6/24/2022,24,6,2,2022,Vendredi,0,Été
20220625,6/25/2022,25,6,2,2022,Samedi,1,Été
20220626,6/26/2022,26,6,2,2022,Dimanche,1,Été
20220627,6/27/2022,27,6,2,2022,Lundi,0,Été
20220628,6/28/2022,28,6,2,2022,Mardi,0,Été
20220629,6/29/2022,29,6,2,2022,Mercredi,0,Été
20220630,6/30/2022,30,6,2,2022,Jeudi,0,Été
20220701,7/1/2022,1,7,3,2022,Vendredi,0,Été
20220702,7/2/2022,2,7,3,2022,Samedi,1,Été
20220703,7/3/2022,3,7,3,2022,Dimanche,1,Été
20220704,7/4/2022,4,7,3,2022,Lundi,0,Été
20220705,5/7/2022,5,7,3,2022,Mardi,0,Été
20220706,7/6/2022,6,7,3,2022,Mercredi,0,Été
20220707,7/7/2022,7,7,3,2022,Jeudi,0,Été
20220708,7/8/2022,8,7,3,2022,Vendredi,0,Été
20220709,7/9/2022,9,7,3,2022,Samedi,1,Été
20220710,7/10/2022,10,7,3,2022,Dimanche,1,Été
20220711,7/11/2022,11,7,3,2022,Lundi,0,Été
20220712,7/12/2022,12,7,3,2022,Mardi,0,Été
20220713,7/13/2022,13,7,3,2022,Mercredi,0,Été
20220714,7/14/2022,14,7,3,2022,Jeudi,0,Été
20220715,7/15/2022,15,7,3,2022,Vendredi,0,Été
20220716,7/16/2022,16,7,3,2022,Samedi,1,Été
20220717,7/17/2022,17,7,3,2022,Dimanche,1,Été
20220718,7/18/2022,18,7,3,2022,Lundi,0,Été
20220719,7/19/2022,19,7,3,2022,Mardi,0,Été
20220720,7/20/2022,20,7,3,2022,Mercredi,0,Été
20220721,7/21/2022,21,7,3,2022,Jeudi,0,Été
20220722,7/22/2022,22,7,3,2022,Vendredi,0,Été
20220723,7/23/2022,23,7,3,2022,Samedi,1,Été
20220724,7/24/2022,24,7,3,2022,Dimanche,1,Été
20220725,7/25/2022,25,7,3,2022,Lundi,0,Été
20220726,7/26/2022,26,7,3,2022,Mardi,0,Été
20220727,7/27/2022,27,7,3,2022,Mercredi,0,Été
20220728,7/28/2022,28,7,3,2022,Jeudi,0,Été
20220729,7/29/2022,29,7,3,2022,Vendredi,0,Été
20220730,7/30/2022,30,7,3,2022,Samedi,1,Été
20220731,7/31/2022,31,7,3,2022,Dimanche,1,Été
20220801,8/1/2022,1,8,3,2022,Lundi,0,Été
20220802,8/2/2022,2,8,3,2022,Mardi,0,Été
20220803,8/3/2022,3,8,3,2022,Mercredi,0,Été
20220804,8/4/2022,4,8,3,2022,Jeudi,0,Été
20220805,8/5/2022,5,8,3,2022,Vendredi,0,Été
20220806,8/6/2022,6,8,3,2022,Samedi,1,Été
20220807,8/7/2022,7,8,3,2022,Dimanche,1,Été
20220808,8/8/2022,8,8,3,2022,Lundi,0,Été
20220809,9/8/2022,9,8,3,2022,Mardi,0,Été
20220810,8/10/2022,10,8,3,2022,Mercredi,0,Été
20220811,8/11/2022,11,8,3,2022,Jeudi,0,
20220812,8/12/2022,12,8,3,2022,Vendredi,0,Été
20220813,8/13/2022,13,8,3,2022,Samedi,1,Été
20220814,8/14/2022,14,8,3,2022,Dimanche,1,Été
20220815,8/15/2022,15,8,3,2022,Lundi,0,Été
20220816,8/16/2022,16,8,3,2022,Mardi,0,Été
20220817,8/17/2022,17,8,3,2022,Mercredi,0,
20220818,18/08/2022,18,8,3,2022,Jeudi,0,Été
20220819,8/19/2022,19,8,3,2022,Vendredi,0,Été
20220820,8/20/2022,20,8,3,2022,Samedi,1,Été
20220821,8/21/2022,21,8,3,2022,Dimanche,1,
20220822,8/22/2022,22,8,3,2022,Lundi,0,Été
20220823,8/23/2022,23,8,3,2022,Mardi,0,Été
20220824,8/24/2022,24,8,3,2022,Mercredi,0,Été
20220825,8/25/2022,25,8,3,2022,Jeudi,0,Été
20220826,8/26/2022,26,8,3,2022,Vendredi,0,Été
20220827,8/27/2022,27,8,3,2022,Samedi,1,Été
20220828,8/28/2022,28,8,3,2022,Dimanche,1,Été
20220829,8/29/2022,29,8,3,2022,Lundi,0,Été
20220830,8/30/2022,30,8,3,2022,Mardi,0,Été
20220831,8/31/2022,31,8,3,2022,Mercredi,0,Été
20220901,9/1/2022,1,9,3,2022,Jeudi,0,Automne
20220902,9/2/2022,2,9,3,2022,Vendredi,0,Automne
20220903,9/3/2022,3,9,3,2022,Samedi,1,Automne
20220904,9/4/2022,4,9,3,2022,Dimanche,1,Automne
20220905,9/5/2022,5,9,3,2022,Lundi,0,Automne
20220906,9/6/2022,6,9,3,2022,Mardi,0,Automne
20220907,9/7/2022,7,9,3,2022,Mercredi,0,Automne
20220908,9/8/2022,8,9,3,2022,Jeudi,0,Automne
20220909,9/9/2022,9,9,3,2022,Vendredi,0,Automne
20220910,9/10/2022,10,9,3,2022,Samedi,1,Automne
20220911,9/11/2022,11,9,3,2022,Dimanche,1,Automne
20220912,9/12/2022,12,9,3,2022,Lundi,0,Automne
20220913,9/13/2022,13,9,3,2022,Mardi,0,Automne
20220914,9/14/2022,14,9,3,2022,Mercredi,0,Automne
20220915,9/15/2022,15,9,3,2022,Jeudi,0,Automne
20220916,9/16/2022,16,9,3,2022,Vendredi,0,Automne
20220917,9/17/2022,17,9,3,2022,Samedi,1,Automne
20220918,9/18/2022,18,9,3,2022,Dimanche,1,
20220919,9/19/2022,19,9,3,2022,Lundi,0,Automne
20220920,9/20/2022,20,9,3,2022,Mardi,0,Automne
20220921,9/21/2022,21,9,3,2022,Mercredi,0,Automne
20220922,9/22/2022,22,9,3,2022,Jeudi,0,Automne
20220923,9/23/2022,23,9,3,2022,Vendredi,0,Automne
20220924,9/24/2022,24,9,3,2022,Samedi,1,Automne
20220925,9/25/2022,25,9,3,2022,Dimanche,1,Automne
20220926,9/26/2022,26,9,3,2022,Lundi,0,Automne
20220927,9/27/2022,27,9,3,2022,Mardi,0,Automne
20220928,9/28/2022,28,9,3,2022,Mercredi,0,Automne
20220929,9/29/2022,29,9,3,2022,Jeudi,0,Automne
20220930,9/30/2022,30,9,3,2022,Vendredi,0,Automne
20221001,10/1/2022,1,10,4,2022,Samedi,1,Automne
20221002,10/2/2022,2,10,4,2022,Dimanche,1,Automne
20221003,10/3/2022,3,10,4,2022,Lundi,0,Automne
20221004,10/4/2022,4,10,4,2022,Mardi,0,Automne
20221005,10/5/2022,5,10,4,2022,Mercredi,0,Automne
20221006,10/6/2022,6,10,4,2022,Jeudi,0,Automne
20221007,10/7/2022,7,10,4,2022,Vendredi,0,Automne
20221008,10/8/2022,8,10,4,2022,Samedi,1,Automne
20221009,10/9/2022,9,10,4,2022,Dimanche,1,Automne
20221010,10/10/2022,10,10,4,2022,Lundi,0,Automne
20221011,10/11/2022,11,10,4,2022,Mardi,0,Automne
20221012,10/12/2022,12,10,4,2022,Mercredi,0,Automne
20221013,10/13/2022,13,10,4,2022,Jeudi,0,
20221014,10/14/2022,14,10,4,2022,Vendredi,0,Automne
20221015,10/15/2022,15,10,4,2022,Samedi,1,Automne
20221016,10/16/2022,16,10,4,2022,Dimanche,1,Automne
20221017,10/17/2022,17,10,4,2022,Lundi,0,Automne
20221018,10/18/2022,18,10,4,2022,Mardi,0,Automne
20221019,10/19/2022,19,10,4,2022,Mercredi,0,Automne
20221020,10/20/2022,20,10,4,2022,Jeudi,0,Automne
20221021,10/21/2022,21,10,4,2022,Vendredi,0,Automne
20221022,10/22/2022,22,10,4,2022,Samedi,1,Automne
20221023,10/23/2022,23,10,4,2022,Dimanche,1,Automne
20221024,10/24/2022,24,10,4,2022,Lundi,0,Automne
20221025,10/25/2022,25,10,4,2022,Mardi,0,Automne
20221026,10/26/2022,26,10,4,2022,Mercredi,0,Automne
20221027,10/27/2022,27,10,4,2022,Jeudi,0,Automne
20221028,10/28/2022,28,10,4,2022,Vendredi,0,Automne
20221029,10/29/2022,29,10,4,2022,Samedi,1,Automne
20221030,10/30/2022,30,10,4,2022,Dimanche,1,Automne
20221031,10/31/2022,31,10,4,2022,Lundi,0,Automne
20221101,11/1/2022,1,11,4,2022,Mardi,0,Automne
20221102,2/11/2022,2,11,4,2022,Mercredi,0,Automne
20221103,11/3/2022,3,11,4,2022,Jeudi,0,Automne
20221104,11/4/2022,4,11,4,2022,Vendredi,0,Automne
20221105,11/5/2022,5,11,4,2022,Samedi,1,Automne
20221106,11/6/2022,6,11,4,2022,Dimanche,1,Automne
20221107,11/7/2022,7,11,4,2022,Lundi,0,Automne
20221108,11/8/2022,8,11,4,2022,Mardi,0,Automne
20221109,11/9/2022,9,11,4,2022,Mercredi,0,Automne
20221110,11/10/2022,10,11,4,2022,Jeudi,0,Automne
20221111,11/11/2022,11,11,4,2022,Vendredi,0,Automne
20221112,11/12/2022,12,11,4,2022,Samedi,1,Automne
20221113,11/13/2022,13,11,4,2022,Dimanche,1,Automne
20221114,11/14/2022,14,11,4,2022,Lundi,0,Automne
20221115,11/15/2022,15,11,4,2022,Mardi,0,Automne
20221116,11/16/2022,16,11,4,2022,Mercredi,0,Automne
20221117,11/17/2022,17,11,4,2022,Jeudi,0,Automne
20221118,11/18/2022,18,11,4,2022,Vendredi,0,Automne
20221119,11/19/2022,19,11,4,2022,Samedi,1,Automne
20221120,11/20/2022,20,11,4,2022,Dimanche,1,Automne
20221121,11/21/2022,21,11,4,2022,Lundi,0,Automne
20221122,11/22/2022,22,11,4,2022,Mardi,0,Automne
20221123,11/23/2022,23,11,4,2022,Mercredi,0,Automne
20221124,11/24/2022,24,11,4,2022,Jeudi,0,Automne
20221125,11/25/2022,25,11,4,2022,Vendredi,0,Automne
20221126,11/26/2022,26,11,4,2022,Samedi,1,Automne
20221127,11/27/2022,27,11,4,2022,Dimanche,1,Automne
20221128,11/28/2022,28,11,4,2022,Lundi,0,Automne
20221129,11/29/2022,29,11,4,2022,Mardi,0,Automne
20221130,11/30/2022,30,11,4,2022,Mercredi,0,Automne
20221201,12/1/2022,1,12,4,2022,Jeudi,0,
20221202,12/2/2022,2,12,4,2022,Vendredi,0,Hiver
20221203,12/3/2022,3,12,4,2022,Samedi,1,Hiver
20221204,12/4/2022,4,12,4,2022,Dimanche,1,Hiver
20221205,12/5/2022,5,12,4,2022,Lundi,0,
20221206,12/6/2022,6,12,4,2022,Mardi,0,Hiver
20221207,12/7/2022,7,12,4,2022,Mercredi,0,Hiver
20221208,12/8/2022,8,12,4,2022,Jeudi,0,Hiver
20221209,12/9/2022,9,12,4,2022,Vendredi,0,Hiver
20221210,12/10/2022,10,12,4,2022,Samedi,1,Hiver
20221211,12/11/2022,11,12,4,2022,Dimanche,1,Hiver
20221212,12/12/2022,12,12,4,2022,Lundi,0,Hiver
20221213,12/13/2022,13,12,4,2022,Mardi,0,Hiver
20221214,12/14/2022,14,12,4,2022,Mercredi,0,Hiver
20221215,12/15/2022,15,12,4,2022,Jeudi,0,Hiver
20221216,12/16/2022,16,12,4,2022,Vendredi,0,Hiver
20221217,12/17/2022,17,12,4,2022,Samedi,1,Hiver
20221218,12/18/2022,18,12,4,2022,Dimanche,1,Hiver
20221219,12/19/2022,19,12,4,2022,Lundi,0,Hiver
20221220,12/20/2022,20,12,4,2022,Mardi,0,Hiver
20221221,12/21/2022,21,12,4,2022,Mercredi,0,Hiver
20221222,12/22/2022,22,12,4,2022,Jeudi,0,Hiver
20221223,12/23/2022,23,12,4,2022,Vendredi,0,Hiver
20221224,12/24/2022,24,12,4,2022,Samedi,1,
20221225,12/25/2022,25,12,4,2022,Dimanche,1,Hiver
20221226,12/26/2022,26,12,4,2022,Lundi,0,Hiver
20221227,12/27/2022,27,12,4,2022,Mardi,0,Hiver
20221228,12/28/2022,28,12,4,2022,Mercredi,0,Hiver
20221229,12/29/2022,29,12,4,2022,Jeudi,0,Hiver
20221230,12/30/2022,30,12,4,2022,Vendredi,0,Hiver
20221231,12/31/2022,31,12,4,2022,Samedi,1,Hiver
20230101,1/1/2023,1,1,1,2023,Dimanche,1,Hiver
20230102,1/2/2023,2,1,1,2023,Lundi,0,Hiver
20230103,1/3/2023,3,1,1,2023,Mardi,0,Hiver
20230104,1/4/2023,4,1,1,2023,Mercredi,0,Hiver
20230105,1/5/2023,5,1,1,2023,Jeudi,0,Hiver
20230106,1/6/2023,6,1,1,2023,Vendredi,0,Hiver
20230107,1/7/2023,7,1,1,2023,Samedi,1,Hiver
20230108,1/8/2023,8,1,1,2023,Dimanche,1,Hiver
20230109,1/9/2023,9,1,1,2023,Lundi,0,Hiver
20230110,1/10/2023,10,1,1,2023,Mardi,0,Hiver
20230111,1/11/2023,11,1,1,2023,Mercredi,0,Hiver
20230112,1/12/2023,12,1,1,2023,Jeudi,0,Hiver
20230113,1/13/2023,13,1,1,2023,Vendredi,0,Hiver
20230114,1/14/2023,14,1,1,2023,Samedi,1,Hiver
20230115,1/15/2023,15,1,1,2023,Dimanche,1,Hiver
20230116,1/16/2023,16,1,1,2023,Lundi,0,
20230117,1/17/2023,17,1,1,2023,Mardi,0,Hiver
20230118,1/18/2023,18,1,1,2023,Mercredi,0,Hiver
20230119,1/19/2023,19,1,1,2023,Jeudi,0,Hiver
20230120,1/20/2023,20,1,1,2023,Vendredi,0,Hiver
20230121,1/21/2023,21,1,1,2023,Samedi,1,Hiver
20230122,1/22/2023,22,1,1,2023,Dimanche,1,Hiver
20230123,23/01/2023,23,1,1,2023,Lundi,0,Hiver
20230124,1/24/2023,24,1,1,2023,Mardi,0,Hiver
20230125,1/25/2023,25,1,1,2023,Mercredi,0,Hiver
20230126,1/26/2023,26,1,1,2023,Jeudi,0,Hiver
20230127,1/27/2023,27,1,1,2023,Vendredi,0,Hiver
20230128,28/01/2023,28,1,1,2023,Samedi,1,Hiver
20230129,1/29/2023,29,1,1,2023,Dimanche,1,Hiver
20230130,1/30/2023,30,1,1,2023,Lundi,0,Hiver
20230131,1/31/2023,31,1,1,2023,Mardi,0,Hiver
20230201,2/1/2023,1,2,1,2023,Mercredi,0,Hiver
20230202,2/2/2023,2,2,1,2023,Jeudi,0,Hiver
20230203,2/3/2023,3,2,1,2023,Vendredi,0,Hiver
20230204,2/4/2023,4,2,1,2023,Samedi,1,Hiver
20230205,2/5/2023,5,2,1,2023,Dimanche,1,Hiver
20230206,2/6/2023,6,2,1,2023,Lundi,0,Hiver
20230207,2/7/2023,7,2,1,2023,Mardi,0,Hiver
20230208,2/8/2023,8,2,1,2023,Mercredi,0,Hiver
20230209,2/9/2023,9,2,1,2023,Jeudi,0,Hiver
20230210,2/10/2023,10,2,1,2023,Vendredi,0,Hiver
20230211,2/11/2023,11,2,1,2023,Samedi,1,Hiver
20230212,2/12/2023,12,2,1,2023,Dimanche,1,Hiver
20230213,2/13/2023,13,2,1,2023,Lundi,0,Hiver
20230214,2/14/2023,14,2,1,2023,Mardi,0,Hiver
20230215,2/15/2023,15,2,1,2023,Mercredi,0,Hiver
20230216,2/16/2023,16,2,1,2023,Jeudi,0,Hiver
20230217,2/17/2023,17,2,1,2023,Vendredi,0,Hiver
20230218,2/18/2023,18,2,1,2023,Samedi,1,Hiver
20230219,2/19/2023,19,2,1,2023,Dimanche,1,Hiver
20230220,2/20/2023,20,2,1,2023,Lundi,0,
20230221,2/21/2023,21,2,1,2023,Mardi,0,Hiver
20230222,2/22/2023,22,2,1,2023,Mercredi,0,Hiver
20230223,2/23/2023,23,2,1,2023,Jeudi,0,
20230224,2/24/2023,24,2,1,2023,Vendredi,0,Hiver
20230225,2/25/2023,25,2,1,2023,Samedi,1,Hiver
20230226,2/26/2023,26,2,1,2023,Dimanche,1,Hiver
20230227,2/27/2023,27,2,1,2023,Lundi,0,Hiver
20230228,2/28/2023,28,2,1,2023,Mardi,0,Hiver
20230301,3/1/2023,1,3,1,2023,Mercredi,0,Printemps
20230302,3/2/2023,2,3,1,2023,Jeudi,0,Printemps
20230303,3/3/2023,3,3,1,2023,Vendredi,0,Printemps
20230304,3/4/2023,4,3,1,2023,Samedi,1,Printemps
20230305,3/5/2023,5,3,1,2023,Dimanche,1,Printemps
20230306,3/6/2023,6,3,1,2023,Lundi,0,Printemps
20230307,3/7/2023,7,3,1,2023,Mardi,0,Printemps
20230308,3/8/2023,8,3,1,2023,Mercredi,0,Printemps
20230309,3/9/2023,9,3,1,2023,Jeudi,0,Printemps
20230310,10/3/2023,10,3,1,2023,Vendredi,0,Printemps
20230311,11/3/2023,11,3,1,2023,Samedi,1,Printemps
20230312,3/12/2023,12,3,1,2023,Dimanche,1,Printemps
20230313,3/13/2023,13,3,1,2023,Lundi,0,Printemps
20230314,3/14/2023,14,3,1,2023,Mardi,0,Printemps
20230315,3/15/2023,15,3,1,2023,Mercredi,0,
20230316,3/16/2023,16,3,1,2023,Jeudi,0,Printemps
20230317,3/17/2023,17,3,1,2023,Vendredi,0,Printemps
20230318,3/18/2023,18,3,1,2023,Samedi,1,Printemps
20230319,3/19/2023,19,3,1,2023,Dimanche,1,Printemps
20230320,3/20/2023,20,3,1,2023,Lundi,0,
20230321,3/21/2023,21,3,1,2023,Mardi,0,Printemps
20230322,3/22/2023,22,3,1,2023,Mercredi,0,Printemps
20230323,3/23/2023,23,3,1,2023,Jeudi,0,Printemps
20230324,3/24/2023,24,3,1,2023,Vendredi,0,Printemps
20230325,3/25/2023,25,3,1,2023,Samedi,1,Printemps
20230326,3/26/2023,26,3,1,2023,Dimanche,1,Printemps
20230327,3/27/2023,27,3,1,2023,Lundi,0,Printemps
20230328,3/28/2023,28,3,1,2023,Mardi,0,Printemps
20230329,3/29/2023,29,3,1,2023,Mercredi,0,Printemps
20230330,3/30/2023,30,3,1,2023,Jeudi,0,Printemps
20230331,3/31/2023,31,3,1,2023,Vendredi,0,
20230401,4/1/2023,1,4,2,2023,Samedi,1,Printemps
20230402,4/2/2023,2,4,2,2023,Dimanche,1,Printemps
20230403,4/3/2023,3,4,2,2023,Lundi,0,Printemps
20230404,4/4/2023,4,4,2,2023,Mardi,0,Printemps
20230405,4/5/2023,5,4,2,2023,Mercredi,0,
20230406,4/6/2023,6,4,2,2023,Jeudi,0,Printemps
20230407,7/4/2023,7,4,2,2023,Vendredi,0,Printemps
20230408,4/8/2023,8,4,2,2023,Samedi,1,Printemps
20230409,4/9/2023,9,4,2,2023,Dimanche,1,Printemps
20230410,4/10/2023,10,4,2,2023,Lundi,0,Printemps
20230411,4/11/2023,11,4,2,2023,Mardi,0,Printemps
20230412,4/12/2023,12,4,2,2023,Mercredi,0,Printemps
20230413,4/13/2023,13,4,2,2023,Jeudi,0,Printemps
20230414,4/14/2023,14,4,2,2023,Vendredi,0,Printemps
20230415,4/15/2023,15,4,2,2023,Samedi,1,Printemps
20230416,4/16/2023,16,4,2,2023,Dimanche,1,Printemps
20230417,4/17/2023,17,4,2,2023,Lundi,0,Printemps
20230418,4/18/2023,18,4,2,2023,Mardi,0,Printemps
20230419,4/19/2023,19,4,2,2023,Mercredi,0,Printemps
20230420,4/20/2023,20,4,2,2023,Jeudi,0,Printemps
20230421,4/21/2023,21,4,2,2023,Vendredi,0,Printemps
20230422,4/22/2023,22,4,2,2023,Samedi,1,Printemps
20230423,4/23/2023,23,4,2,2023,Dimanche,1,Printemps
20230424,4/24/2023,24,4,2,2023,Lundi,0,Printemps
20230425,4/25/2023,25,4,2,2023,Mardi,0,Printemps
20230426,4/26/2023,26,4,2,2023,Mercredi,0,Printemps
20230427,4/27/2023,27,4,2,2023,Jeudi,0,Printemps
20230428,4/28/2023,28,4,2,2023,Vendredi,0,Printemps
20230429,4/29/2023,29,4,2,2023,Samedi,1,Printemps
20230430,4/30/2023,30,4,2,2023,Dimanche,1,Printemps
20230501,5/1/2023,1,5,2,2023,Lundi,0,Printemps
20230502,5/2/2023,2,5,2,2023,Mardi,0,Printemps
20230503,5/3/2023,3,5,2,2023,Mercredi,0,Printemps
20230504,5/4/2023,4,5,2,2023,Jeudi,0,Printemps
20230505,5/5/2023,5,5,2,2023,Vendredi,0,Printemps
20230506,5/6/2023,6,5,2,2023,Samedi,1,Printemps
20230507,5/7/2023,7,5,2,2023,Dimanche,1,Printemps
20230508,5/8/2023,8,5,2,2023,Lundi,0,Printemps
20230509,5/9/2023,9,5,2,2023,Mardi,0,Printemps
20230510,5/10/2023,10,5,2,2023,Mercredi,0,Printemps
20230511,5/11/2023,11,5,2,2023,Jeudi,0,Printemps
20230512,5/12/2023,12,5,2,2023,Vendredi,0,Printemps
20230513,5/13/2023,13,5,2,2023,Samedi,1,Printemps
20230514,5/14/2023,14,5,2,2023,Dimanche,1,Printemps
20230515,5/15/2023,15,5,2,2023,Lundi,0,Printemps
20230516,5/16/2023,16,5,2,2023,Mardi,0,Printemps
20230517,5/17/2023,17,5,2,2023,Mercredi,0,Printemps
20230518,5/18/2023,18,5,2,2023,Jeudi,0,
20230519,5/19/2023,19,5,2,2023,Vendredi,0,Printemps
20230520,5/20/2023,20,5,2,2023,Samedi,1,Printemps
20230521,5/21/2023,21,5,2,2023,Dimanche,1,Printemps
20230522,5/22/2023,22,5,2,2023,Lundi,0,Printemps
20230523,5/23/2023,23,5,2,2023,Mardi,0,Printemps
20230524,5/24/2023,24,5,2,2023,Mercredi,0,Printemps
20230525,5/25/2023,25,5,2,2023,Jeudi,0,Printemps
20230526,5/26/2023,26,5,2,2023,Vendredi,0,Printemps
20230527,5/27/2023,27,5,2,2023,Samedi,1,Printemps
20230528,5/28/2023,28,5,2,2023,Dimanche,1,Printemps
20230529,5/29/2023,29,5,2,2023,Lundi,0,Printemps
20230530,5/30/2023,30,5,2,2023,Mardi,0,Printemps
20230531,5/31/2023,31,5,2,2023,Mercredi,0,Printemps
20230601,6/1/2023,1,6,2,2023,Jeudi,0,Été
20230602,6/2/2023,2,6,2,2023,Vendredi,0,Été
20230603,6/3/2023,3,6,2,2023,Samedi,1,Été
20230604,6/4/2023,4,6,2,2023,Dimanche,1,Été
20230605,6/5/2023,5,6,2,2023,Lundi,0,Été
20230606,6/6/2023,6,6,2,2023,Mardi,0,Été
20230607,6/7/2023,7,6,2,2023,Mercredi,0,Été
20230608,6/8/2023,8,6,2,2023,Jeudi,0,Été
20230609,6/9/2023,9,6,2,2023,Vendredi,0,Été
20230610,6/10/2023,10,6,2,2023,Samedi,1,Été
20230611,6/11/2023,11,6,2,2023,Dimanche,1,Été
20230612,6/12/2023,12,6,2,2023,Lundi,0,Été
20230613,6/13/2023,13,6,2,2023,Mardi,0,Été
20230614,6/14/2023,14,6,2,2023,Mercredi,0,Été
20230615,6/15/2023,15,6,2,2023,Jeudi,0,Été
20230616,16/06/2023,16,6,2,2023,Vendredi,0,Été
20230617,6/17/2023,17,6,2,2023,Samedi,1,Été
20230618,6/18/2023,18,6,2,2023,Dimanche,1,Été
20230619,6/19/2023,19,6,2,2023,Lundi,0,Été
20230620,6/20/2023,20,6,2,2023,Mardi,0,Été
20230621,6/21/2023,21,6,2,2023,Mercredi,0,Été
20230622,6/22/2023,22,6,2,2023,Jeudi,0,Été
20230623,6/23/2023,23,6,2,2023,Vendredi,0,Été
20230624,6/24/2023,24,6,2,2023,Samedi,1,Été
20230625,6/25/2023,25,6,2,2023,Dimanche,1,Été
20230626,6/26/2023,26,6,2,2023,Lundi,0,Été
20230627,6/27/2023,27,6,2,2023,Mardi,0,Été
20230628,28/06/2023,28,6,2,2023,Mercredi,0,Été
20230629,6/29/2023,29,6,2,2023,Jeudi,0,Été
20230630,6/30/2023,30,6,2,2023,Vendredi,0,Été
20230701,7/1/2023,1,7,3,2023,Samedi,1,Été
20230702,2/7/2023,2,7,3,2023,Dimanche,1,Été
20230703,7/3/2023,3,7,3,2023,Lundi,0,Été
20230704,7/4/2023,4,7,3,2023,Mardi,0,Été
20230705,7/5/2023,5,7,3,2023,Mercredi,0,Été
20230706,7/6/2023,6,7,3,2023,Jeudi,0,Été
20230707,7/7/2023,7,7,3,2023,Vendredi,0,Été
20230708,7/8/2023,8,7,3,2023,Samedi,1,Été
20230709,7/9/2023,9,7,3,2023,Dimanche,1,Été
20230710,7/10/2023,10,7,3,2023,Lundi,0,Été
20230711,7/11/2023,11,7,3,2023,Mardi,0,
20230712,7/12/2023,12,7,3,2023,Mercredi,0,Été
20230713,7/13/2023,13,7,3,2023,Jeudi,0,Été
20230714,7/14/2023,14,7,3,2023,Vendredi,0,Été
20230715,7/15/2023,15,7,3,2023,Samedi,1,Été
20230716,7/16/2023,16,7,3,2023,Dimanche,1,Été
20230717,7/17/2023,17,7,3,2023,Lundi,0,Été
20230718,7/18/2023,18,7,3,2023,Mardi,0,Été
20230719,7/19/2023,19,7,3,2023,Mercredi,0,Été
20230720,7/20/2023,20,7,3,2023,Jeudi,0,Été
20230721,7/21/2023,21,7,3,2023,Vendredi,0,Été
20230722,7/22/2023,22,7,3,2023,Samedi,1,Été
20230723,7/23/2023,23,7,3,2023,Dimanche,1,Été
20230724,7/24/2023,24,7,3,2023,Lundi,0,Été
20230725,7/25/2023,25,7,3,2023,Mardi,0,Été
20230726,7/26/2023,26,7,3,2023,Mercredi,0,Été
20230727,7/27/2023,27,7,3,2023,Jeudi,0,Été
20230728,7/28/2023,28,7,3,2023,Vendredi,0,Été
20230729,7/29/2023,29,7,3,2023,Samedi,1,Été
20230730,7/30/2023,30,7,3,2023,Dimanche,1,Été
20230731,7/31/2023,31,7,3,2023,Lundi,0,Été
20230801,8/1/2023,1,8,3,2023,Mardi,0,Été
20230802,8/2/2023,2,8,3,2023,Mercredi,0,
20230803,8/3/2023,3,8,3,2023,Jeudi,0,Été
20230804,8/4/2023,4,8,3,2023,Vendredi,0,Été
20230805,8/5/2023,5,8,3,2023,Samedi,1,Été
20230806,8/6/2023,6,8,3,2023,Dimanche,1,Été
20230807,8/7/2023,7,8,3,2023,Lundi,0,Été
20230808,8/8/2023,8,8,3,2023,Mardi,0,Été
20230809,8/9/2023,9,8,3,2023,Mercredi,0,Été
20230810,8/10/2023,10,8,3,2023,Jeudi,0,Été
20230811,8/11/2023,11,8,3,2023,Vendredi,0,Été
20230812,8/12/2023,12,8,3,2023,Samedi,1,Été
20230813,8/13/2023,13,8,3,2023,Dimanche,1,Été
20230814,8/14/2023,14,8,3,2023,Lundi,0,Été
20230815,8/15/2023,15,8,3,2023,Mardi,0,Été
20230816,8/16/2023,16,8,3,2023,Mercredi,0,Été
20230817,8/17/2023,17,8,3,2023,Jeudi,0,Été
20230818,8/18/2023,18,8,3,2023,Vendredi,0,Été
20230819,8/19/2023,19,8,3,2023,Samedi,1,Été
20230820,8/20/2023,20,8,3,2023,Dimanche,1,Été
20230821,8/21/2023,21,8,3,2023,Lundi,0,Été
20230822,8/22/2023,22,8,3,2023,Mardi,0,Été
20230823,8/23/2023,23,8,3,2023,Mercredi,0,Été
20230824,8/24/2023,24,8,3,2023,Jeudi,0,Été
20230825,8/25/2023,25,8,3,2023,Vendredi,0,Été
20230826,8/26/2023,26,8,3,2023,Samedi,1,Été
20230827,8/27/2023,27,8,3,2023,Dimanche,1,Été
20230828,8/28/2023,28,8,3,2023,Lundi,0,Été
20230829,8/29/2023,29,8,3,2023,Mardi,0,Été
20230830,8/30/2023,30,8,3,2023,Mercredi,0,Été
20230831,8/31/2023,31,8,3,2023,Jeudi,0,Été
20230901,9/1/2023,1,9,3,2023,Vendredi,0,Automne
20230902,2/9/2023,2,9,3,2023,Samedi,1,Automne
20230903,9/3/2023,3,9,3,2023,Dimanche,1,Automne
20230904,9/4/2023,4,9,3,2023,Lundi,0,Automne
20230905,9/5/2023,5,9,3,2023,Mardi,0,Automne
20230906,9/6/2023,6,9,3,2023,Mercredi,0,Automne
20230907,9/7/2023,7,9,3,2023,Jeudi,0,Automne
20230908,9/8/2023,8,9,3,2023,Vendredi,0,Automne
20230909,9/9/2023,9,9,3,2023,Samedi,1,Automne
20230910,9/10/2023,10,9,3,2023,Dimanche,1,Automne
20230911,9/11/2023,11,9,3,2023,Lundi,0,Automne
20230912,9/12/2023,12,9,3,2023,Mardi,0,Automne
20230913,9/13/2023,13,9,3,2023,Mercredi,0,Automne
20230914,9/14/2023,14,9,3,2023,Jeudi,0,Automne
20230915,9/15/2023,15,9,3,2023,Vendredi,0,Automne
20230916,9/16/2023,16,9,3,2023,Samedi,1,Automne
20230917,9/17/2023,17,9,3,2023,Dimanche,1,Automne
20230918,18/09/2023,18,9,3,2023,Lundi,0,Automne
20230919,9/19/2023,19,9,3,2023,Mardi,0,Automne
20230920,9/20/2023,20,9,3,2023,Mercredi,0,Automne
20230921,9/21/2023,21,9,3,2023,Jeudi,0,Automne
20230922,9/22/2023,22,9,3,2023,Vendredi,0,Automne
20230923,9/23/2023,23,9,3,2023,Samedi,1,Automne
20230924,9/24/2023,24,9,3,2023,Dimanche,1,Automne
20230925,9/25/2023,25,9,3,2023,Lundi,0,Automne
20230926,9/26/2023,26,9,3,2023,Mardi,0,Automne
20230927,9/27/2023,27,9,3,2023,Mercredi,0,Automne
20230928,9/28/2023,28,9,3,2023,Jeudi,0,Automne
20230929,9/29/2023,29,9,3,2023,Vendredi,0,Automne
20230930,9/30/2023,30,9,3,2023,Samedi,1,Automne
20231001,10/1/2023,1,10,4,2023,Dimanche,1,Automne
20231002,10/2/2023,2,10,4,2023,Lundi,0,Automne
20231003,10/3/2023,3,10,4,2023,Mardi,0,Automne
20231004,10/4/2023,4,10,4,2023,Mercredi,0,Automne
20231005,10/5/2023,5,10,4,2023,Jeudi,0,Automne
20231006,10/6/2023,6,10,4,2023,Vendredi,0,Automne
20231007,10/7/2023,7,10,4,2023,Samedi,1,Automne
20231008,10/8/2023,8,10,4,2023,Dimanche,1,Automne
20231009,10/9/2023,9,10,4,2023,Lundi,0,Automne
20231010,10/10/2023,10,10,4,2023,Mardi,0,Automne
20231011,10/11/2023,11,10,4,2023,Mercredi,0,Automne
20231012,10/12/2023,12,10,4,2023,Jeudi,0,Automne
20231013,10/13/2023,13,10,4,2023,Vendredi,0,
20231014,10/14/2023,14,10,4,2023,Samedi,1,Automne
20231015,10/15/2023,15,10,4,2023,Dimanche,1,Automne
20231016,16/10/2023,16,10,4,2023,Lundi,0,Automne
20231017,10/17/2023,17,10,4,2023,Mardi,0,Automne
20231018,10/18/2023,18,10,4,2023,Mercredi,0,Automne
20231019,10/19/2023,19,10,4,2023,Jeudi,0,Automne
20231020,10/20/2023,20,10,4,2023,Vendredi,0,Automne
20231021,10/21/2023,21,10,4,2023,Samedi,1,Automne
20231022,10/22/2023,22,10,4,2023,Dimanche,1,Automne
20231023,10/23/2023,23,10,4,2023,Lundi,0,Automne
20231024,10/24/2023,24,10,4,2023,Mardi,0,Automne
20231025,10/25/2023,25,10,4,2023,Mercredi,0,Automne
20231026,10/26/2023,26,10,4,2023,Jeudi,0,Automne
20231027,10/27/2023,27,10,4,2023,Vendredi,0,Automne
20231028,10/28/2023,28,10,4,2023,Samedi,1,Automne
20231029,10/29/2023,29,10,4,2023,Dimanche,1,Automne
20231030,10/30/2023,30,10,4,2023,Lundi,0,Automne
20231031,10/31/2023,31,10,4,2023,Mardi,0,Automne
20231101,11/1/2023,1,11,4,2023,Mercredi,0,Automne
20231102,11/2/2023,2,11,4,2023,Jeudi,0,Automne
20231103,11/3/2023,3,11,4,2023,Vendredi,0,Automne
20231104,11/4/2023,4,11,4,2023,Samedi,1,Automne
20231105,11/5/2023,5,11,4,2023,Dimanche,1,Automne
20231106,11/6/2023,6,11,4,2023,Lundi,0,Automne
20231107,11/7/2023,7,11,4,2023,Mardi,0,Automne
20231108,11/8/2023,8,11,4,2023,Mercredi,0,Automne
20231109,11/9/2023,9,11,4,2023,Jeudi,0,Automne
20231110,11/10/2023,10,11,4,2023,Vendredi,0,Automne
20231111,11/11/2023,11,11,4,2023,Samedi,1,Automne
20231112,11/12/2023,12,11,4,2023,Dimanche,1,Automne
20231113,11/13/2023,13,11,4,2023,Lundi,0,Automne
20231114,14/11/2023,14,11,4,2023,Mardi,0,Automne
20231115,11/15/2023,15,11,4,2023,Mercredi,0,Automne
20231116,11/16/2023,16,11,4,2023,Jeudi,0,Automne
20231117,11/17/2023,17,11,4,2023,Vendredi,0,Automne
20231118,11/18/2023,18,11,4,2023,Samedi,1,Automne
20231119,11/19/2023,19,11,4,2023,Dimanche,1,Automne
20231120,11/20/2023,20,11,4,2023,Lundi,0,Automne
20231121,11/21/2023,21,11,4,2023,Mardi,0,Automne
20231122,11/22/2023,22,11,4,2023,Mercredi,0,Automne
20231123,11/23/2023,23,11,4,2023,Jeudi,0,Automne
20231124,11/24/2023,24,11,4,2023,Vendredi,0,Automne
20231125,11/25/2023,25,11,4,2023,Samedi,1,Automne
20231126,11/26/2023,26,11,4,2023,Dimanche,1,Automne
20231127,11/27/2023,27,11,4,2023,Lundi,0,Automne
20231128,11/28/2023,28,11,4,2023,Mardi,0,Automne
20231129,11/29/2023,29,11,4,2023,Mercredi,0,Automne
20231130,11/30/2023,30,11,4,2023,Jeudi,0,Automne
20231201,12/1/2023,1,12,4,2023,Vendredi,0,Hiver
20231202,12/2/2023,2,12,4,2023,Samedi,1,Hiver
20231203,12/3/2023,3,12,4,2023,Dimanche,1,Hiver
20231204,12/4/2023,4,12,4,2023,Lundi,0,Hiver
20231205,12/5/2023,5,12,4,2023,Mardi,0,Hiver
20231206,6/12/2023,6,12,4,2023,Mercredi,0,Hiver
20231207,12/7/2023,7,12,4,2023,Jeudi,0,Hiver
20231208,12/8/2023,8,12,4,2023,Vendredi,0,Hiver
20231209,12/9/2023,9,12,4,2023,Samedi,1,Hiver
20231210,12/10/2023,10,12,4,2023,Dimanche,1,Hiver
20231211,12/11/2023,11,12,4,2023,Lundi,0,Hiver
20231212,12/12/2023,12,12,4,2023,Mardi,0,Hiver
20231213,12/13/2023,13,12,4,2023,Mercredi,0,Hiver
20231214,12/14/2023,14,12,4,2023,Jeudi,0,Hiver
20231215,12/15/2023,15,12,4,2023,Vendredi,0,Hiver
20231216,12/16/2023,16,12,4,2023,Samedi,1,Hiver
20231217,12/17/2023,17,12,4,2023,Dimanche,1,Hiver
20231218,12/18/2023,18,12,4,2023,Lundi,0,Hiver
20231219,12/19/2023,19,12,4,2023,Mardi,0,Hiver
20231220,12/20/2023,20,12,4,2023,Mercredi,0,Hiver
20231221,12/21/2023,21,12,4,2023,Jeudi,0,Hiver
20231222,12/22/2023,22,12,4,2023,Vendredi,0,Hiver
20231223,12/23/2023,23,12,4,2023,Samedi,1,Hiver
20231224,12/24/2023,24,12,4,2023,Dimanche,1,Hiver
20231225,12/25/2023,25,12,4,2023,Lundi,0,Hiver
20231226,12/26/2023,26,12,4,2023,Mardi,0,Hiver
20231227,12/27/2023,27,12,4,2023,Mercredi,0,Hiver
20231228,12/28/2023,28,12,4,2023,Jeudi,0,Hiver
20231229,12/29/2023,29,12,4,2023,Vendredi,0,Hiver
20231230,12/30/2023,30,12,4,2023,Samedi,1,Hiver
20231231,12/31/2023,31,12,4,2023,Dimanche,1,Hiver
20240101,1/1/2024,1,1,1,2024,Lundi,0,Hiver
20240102,1/2/2024,2,1,1,2024,Mardi,0,Hiver
20240103,1/3/2024,3,1,1,2024,Mercredi,0,
20240104,1/4/2024,4,1,1,2024,Jeudi,0,Hiver
20240105,1/5/2024,5,1,1,2024,Vendredi,0,Hiver
20240106,1/6/2024,6,1,1,2024,Samedi,1,Hiver
20240107,1/7/2024,7,1,1,2024,Dimanche,1,Hiver
20240108,1/8/2024,8,1,1,2024,Lundi,0,Hiver
20240109,1/9/2024,9,1,1,2024,Mardi,0,Hiver
20240110,1/10/2024,10,1,1,2024,Mercredi,0,Hiver
20240111,1/11/2024,11,1,1,2024,Jeudi,0,Hiver
20240112,1/12/2024,12,1,1,2024,Vendredi,0,Hiver
20240113,1/13/2024,13,1,1,2024,Samedi,1,Hiver
20240114,1/14/2024,14,1,1,2024,Dimanche,1,Hiver
20240115,1/15/2024,15,1,1,2024,Lundi,0,Hiver
20240116,1/16/2024,16,1,1,2024,Mardi,0,Hiver
20240117,1/17/2024,17,1,1,2024,Mercredi,0,Hiver
20240118,1/18/2024,18,1,1,2024,Jeudi,0,Hiver
20240119,1/19/2024,19,1,1,2024,Vendredi,0,Hiver
20240120,1/20/2024,20,1,1,2024,Samedi,1,Hiver
20240121,1/21/2024,21,1,1,2024,Dimanche,1,Hiver
20240122,1/22/2024,22,1,1,2024,Lundi,0,Hiver
20240123,1/23/2024,23,1,1,2024,Mardi,0,Hiver
20240124,1/24/2024,24,1,1,2024,Mercredi,0,
20240125,1/25/2024,25,1,1,2024,Jeudi,0,Hiver
20240126,1/26/2024,26,1,1,2024,Vendredi,0,Hiver
20240127,1/27/2024,27,1,1,2024,Samedi,1,Hiver
20240128,1/28/2024,28,1,1,2024,Dimanche,1,Hiver
20240129,1/29/2024,29,1,1,2024,Lundi,0,Hiver
20240130,1/30/2024,30,1,1,2024,Mardi,0,Hiver
20240131,1/31/2024,31,1,1,2024,Mercredi,0,Hiver
20240201,2/1/2024,1,2,1,2024,Jeudi,0,Hiver
20240202,2/2/2024,2,2,1,2024,Vendredi,0,Hiver
20240203,2/3/2024,3,2,1,2024,Samedi,1,Hiver
20240204,2/4/2024,4,2,1,2024,Dimanche,1,Hiver
20240205,2/5/2024,5,2,1,2024,Lundi,0,Hiver
20240206,2/6/2024,6,2,1,2024,Mardi,0,Hiver
20240207,2/7/2024,7,2,1,2024,Mercredi,0,Hiver
20240208,2/8/2024,8,2,1,2024,Jeudi,0,Hiver
20240209,2/9/2024,9,2,1,2024,Vendredi,0,Hiver
20240210,2/10/2024,10,2,1,2024,Samedi,1,
20240211,2/11/2024,11,2,1,2024,Dimanche,1,Hiver
20240212,2/12/2024,12,2,1,2024,Lundi,0,Hiver
20240213,2/13/2024,13,2,1,2024,Mardi,0,Hiver
20240214,2/14/2024,14,2,1,2024,Mercredi,0,Hiver
20240215,2/15/2024,15,2,1,2024,Jeudi,0,Hiver
20240216,2/16/2024,16,2,1,2024,Vendredi,0,Hiver
20240217,2/17/2024,17,2,1,2024,Samedi,1,Hiver
20240218,2/18/2024,18,2,1,2024,Dimanche,1,Hiver
20240219,2/19/2024,19,2,1,2024,Lundi,0,Hiver
20240220,2/20/2024,20,2,1,2024,Mardi,0,Hiver
20240221,2/21/2024,21,2,1,2024,Mercredi,0,Hiver
20240222,2/22/2024,22,2,1,2024,Jeudi,0,Hiver
20240223,2/23/2024,23,2,1,2024,Vendredi,0,Hiver
20240224,2/24/2024,24,2,1,2024,Samedi,1,Hiver
20240225,2/25/2024,25,2,1,2024,Dimanche,1,Hiver
20240226,2/26/2024,26,2,1,2024,Lundi,0,Hiver
20240227,2/27/2024,27,2,1,2024,Mardi,0,Hiver
20240228,2/28/2024,28,2,1,2024,Mercredi,0,Hiver
20240229,2/29/2024,29,2,1,2024,Jeudi,0,Hiver
20240301,3/1/2024,1,3,1,2024,Vendredi,0,Printemps
20240302,3/2/2024,2,3,1,2024,Samedi,1,Printemps
20240303,3/3/2024,3,3,1,2024,Dimanche,1,Printemps
20240304,3/4/2024,4,3,1,2024,Lundi,0,Printemps
20240305,3/5/2024,5,3,1,2024,Mardi,0,Printemps
20240306,3/6/2024,6,3,1,2024,Mercredi,0,Printemps
20240307,3/7/2024,7,3,1,2024,Jeudi,0,Printemps
20240308,3/8/2024,8,3,1,2024,Vendredi,0,Printemps
20240309,3/9/2024,9,3,1,2024,Samedi,1,Printemps
20240310,3/10/2024,10,3,1,2024,Dimanche,1,Printemps
20240311,3/11/2024,11,3,1,2024,Lundi,0,Printemps
20240312,3/12/2024,12,3,1,2024,Mardi,0,Printemps
20240313,3/13/2024,13,3,1,2024,Mercredi,0,Printemps
20240314,3/14/2024,14,3,1,2024,Jeudi,0,Printemps
20240315,3/15/2024,15,3,1,2024,Vendredi,0,Printemps
20240316,3/16/2024,16,3,1,2024,Samedi,1,Printemps
20240317,3/17/2024,17,3,1,2024,Dimanche,1,Printemps
20240318,3/18/2024,18,3,1,2024,Lundi,0,Printemps
20240319,3/19/2024,19,3,1,2024,Mardi,0,Printemps
20240320,3/20/2024,20,3,1,2024,Mercredi,0,Printemps
20240321,3/21/2024,21,3,1,2024,Jeudi,0,Printemps
20240322,3/22/2024,22,3,1,2024,Vendredi,0,
20240323,3/23/2024,23,3,1,2024,Samedi,1,Printemps
20240324,3/24/2024,24,3,1,2024,Dimanche,1,Printemps
20240325,3/25/2024,25,3,1,2024,Lundi,0,Printemps
20240326,3/26/2024,26,3,1,2024,Mardi,0,Printemps
20240327,3/27/2024,27,3,1,2024,Mercredi,0,Printemps
20240328,3/28/2024,28,3,1,2024,Jeudi,0,Printemps
20240329,3/29/2024,29,3,1,2024,Vendredi,0,Printemps
20240330,3/30/2024,30,3,1,2024,Samedi,1,Printemps
20240331,3/31/2024,31,3,1,2024,Dimanche,1,Printemps
20240401,1/4/2024,1,4,2,2024,Lundi,0,Printemps
20240402,4/2/2024,2,4,2,2024,Mardi,0,Printemps
20240403,4/3/2024,3,4,2,2024,Mercredi,0,Printemps
20240404,4/4/2024,4,4,2,2024,Jeudi,0,Printemps
20240405,4/5/2024,5,4,2,2024,Vendredi,0,Printemps
20240406,4/6/2024,6,4,2,2024,Samedi,1,Printemps
20240407,4/7/2024,7,4,2,2024,Dimanche,1,Printemps
20240408,4/8/2024,8,4,2,2024,Lundi,0,Printemps
20240409,4/9/2024,9,4,2,2024,Mardi,0,Printemps
20240410,4/10/2024,10,4,2,2024,Mercredi,0,Printemps
20240411,4/11/2024,11,4,2,2024,Jeudi,0,Printemps
20240412,4/12/2024,12,4,2,2024,Vendredi,0,Printemps
20240413,4/13/2024,13,4,2,2024,Samedi,1,Printemps
20240414,4/14/2024,14,4,2,2024,Dimanche,1,Printemps
20240415,4/15/2024,15,4,2,2024,Lundi,0,Printemps
20240416,4/16/2024,16,4,2,2024,Mardi,0,Printemps
20240417,4/17/2024,17,4,2,2024,Mercredi,0,Printemps
20240418,4/18/2024,18,4,2,2024,Jeudi,0,Printemps
20240419,4/19/2024,19,4,2,2024,Vendredi,0,Printemps
20240420,4/20/2024,20,4,2,2024,Samedi,1,Printemps
20240421,4/21/2024,21,4,2,2024,Dimanche,1,Printemps
20240422,4/22/2024,22,4,2,2024,Lundi,0,Printemps
20240423,4/23/2024,23,4,2,2024,Mardi,0,Printemps
20240424,4/24/2024,24,4,2,2024,Mercredi,0,Printemps
20240425,4/25/2024,25,4,2,2024,Jeudi,0,Printemps
20240426,4/26/2024,26,4,2,2024,Vendredi,0,Printemps
20240427,4/27/2024,27,4,2,2024,Samedi,1,Printemps
20240428,4/28/2024,28,4,2,2024,Dimanche,1,Printemps
20240429,4/29/2024,29,4,2,2024,Lundi,0,Printemps
20240430,4/30/2024,30,4,2,2024,Mardi,0,Printemps
20240501,5/1/2024,1,5,2,2024,Mercredi,0,Printemps
20240502,5/2/2024,2,5,2,2024,Jeudi,0,Printemps
20240503,5/3/2024,3,5,2,2024,Vendredi,0,Printemps
20240504,5/4/2024,4,5,2,2024,Samedi,1,Printemps
20240505,5/5/2024,5,5,2,2024,Dimanche,1,Printemps
20240506,5/6/2024,6,5,2,2024,Lundi,0,Printemps
20240507,5/7/2024,7,5,2,2024,Mardi,0,Printemps
20240508,5/8/2024,8,5,2,2024,Mercredi,0,Printemps
20240509,5/9/2024,9,5,2,2024,Jeudi,0,Printemps
20240510,5/10/2024,10,5,2,2024,Vendredi,0,Printemps
20240511,5/11/2024,11,5,2,2024,Samedi,1,Printemps
20240512,5/12/2024,12,5,2,2024,Dimanche,1,Printemps
20240513,5/13/2024,13,5,2,2024,Lundi,0,Printemps
20240514,5/14/2024,14,5,2,2024,Mardi,0,Printemps
20240515,5/15/2024,15,5,2,2024,Mercredi,0,Printemps
20240516,5/16/2024,16,5,2,2024,Jeudi,0,Printemps
20240517,5/17/2024,17,5,2,2024,Vendredi,0,Printemps
20240518,5/18/2024,18,5,2,2024,Samedi,1,Printemps
20240519,5/19/2024,19,5,2,2024,Dimanche,1,Printemps
20240520,5/20/2024,20,5,2,2024,Lundi,0,Printemps
20240521,21/05/2024,21,5,2,2024,Mardi,0,Printemps
20240522,5/22/2024,22,5,2,2024,Mercredi,0,Printemps
20240523,5/23/2024,23,5,2,2024,Jeudi,0,Printemps
20240524,5/24/2024,24,5,2,2024,Vendredi,0,Printemps
20240525,5/25/2024,25,5,2,2024,Samedi,1,Printemps
20240526,5/26/2024,26,5,2,2024,Dimanche,1,Printemps
20240527,5/27/2024,27,5,2,2024,Lundi,0,Printemps
20240528,5/28/2024,28,5,2,2024,Mardi,0,Printemps
20240529,5/29/2024,29,5,2,2024,Mercredi,0,Printemps
20240530,5/30/2024,30,5,2,2024,Jeudi,0,
20240531,5/31/2024,31,5,2,2024,Vendredi,0,Printemps
20240601,6/1/2024,1,6,2,2024,Samedi,1,Été
20240602,6/2/2024,2,6,2,2024,Dimanche,1,Été
20240603,6/3/2024,3,6,2,2024,Lundi,0,Été
20240604,6/4/2024,4,6,2,2024,Mardi,0,Été
20240605,6/5/2024,5,6,2,2024,Mercredi,0,Été
20240606,6/6/2024,6,6,2,2024,Jeudi,0,Été
20240607,6/7/2024,7,6,2,2024,Vendredi,0,Été
20240608,6/8/2024,8,6,2,2024,Samedi,1,
20240609,6/9/2024,9,6,2,2024,Dimanche,1,Été
20240610,6/10/2024,10,6,2,2024,Lundi,0,Été
20240611,6/11/2024,11,6,2,2024,Mardi,0,Été
20240612,6/12/2024,12,6,2,2024,Mercredi,0,Été
20240613,6/13/2024,13,6,2,2024,Jeudi,0,Été
20240614,6/14/2024,14,6,2,2024,Vendredi,0,Été
20240615,6/15/2024,15,6,2,2024,Samedi,1,Été
20240616,6/16/2024,16,6,2,2024,Dimanche,1,Été
20240617,6/17/2024,17,6,2,2024,Lundi,0,Été
20240618,6/18/2024,18,6,2,2024,Mardi,0,Été
20240619,6/19/2024,19,6,2,2024,Mercredi,0,Été
20240620,6/20/2024,20,6,2,2024,Jeudi,0,Été
20240621,6/21/2024,21,6,2,2024,Vendredi,0,Été
20240622,6/22/2024,22,6,2,2024,Samedi,1,Été
20240623,6/23/2024,23,6,2,2024,Dimanche,1,Été
20240624,6/24/2024,24,6,2,2024,Lundi,0,Été
20240625,6/25/2024,25,6,2,2024,Mardi,0,Été
20240626,6/26/2024,26,6,2,2024,Mercredi,0,Été
20240627,6/27/2024,27,6,2,2024,Jeudi,0,Été
20240628,6/28/2024,28,6,2,2024,Vendredi,0,Été
20240629,6/29/2024,29,6,2,2024,Samedi,1,Été
20240630,6/30/2024,30,6,2,2024,Dimanche,1,Été
20240701,1/7/2024,1,7,3,2024,Lundi,0,Été
20240702,7/2/2024,2,7,3,2024,Mardi,0,Été
20240703,7/3/2024,3,7,3,2024,Mercredi,0,Été
20240704,7/4/2024,4,7,3,2024,Jeudi,0,Été
20240705,7/5/2024,5,7,3,2024,Vendredi,0,Été
20240706,7/6/2024,6,7,3,2024,Samedi,1,Été
20240707,7/7/2024,7,7,3,2024,Dimanche,1,Été
20240708,7/8/2024,8,7,3,2024,Lundi,0,Été
20240709,7/9/2024,9,7,3,2024,Mardi,0,Été
20240710,7/10/2024,10,7,3,2024,Mercredi,0,Été
20240711,7/11/2024,11,7,3,2024,Jeudi,0,Été
20240712,7/12/2024,12,7,3,2024,Vendredi,0,Été
20240713,13/07/2024,13,7,3,2024,Samedi,1,Été
20240714,7/14/2024,14,7,3,2024,Dimanche,1,Été
20240715,15/07/2024,15,7,3,2024,Lundi,0,Été
20240716,7/16/2024,16,7,3,2024,Mardi,0,Été
20240717,7/17/2024,17,7,3,2024,Mercredi,0,Été
20240718,7/18/2024,18,7,3,2024,Jeudi,0,Été
20240719,7/19/2024,19,7,3,2024,Vendredi,0,Été
20240720,7/20/2024,20,7,3,2024,Samedi,1,Été
20240721,21/07/2024,21,7,3,2024,Dimanche,1,Été
20240722,7/22/2024,22,7,3,2024,Lundi,0,Été
20240723,7/23/2024,23,7,3,2024,Mardi,0,Été
20240724,7/24/2024,24,7,3,2024,Mercredi,0,Été
20240725,7/25/2024,25,7,3,2024,Jeudi,0,Été
20240726,7/26/2024,26,7,3,2024,Vendredi,0,Été
20240727,7/27/2024,27,7,3,2024,Samedi,1,Été
20240728,7/28/2024,28,7,3,2024,Dimanche,1,Été
20240729,7/29/2024,29,7,3,2024,Lundi,0,Été
20240730,7/30/2024,30,7,3,2024,Mardi,0,Été
20240731,7/31/2024,31,7,3,2024,Mercredi,0,Été
20240801,8/1/2024,1,8,3,2024,Jeudi,0,Été
20240802,8/2/2024,2,8,3,2024,Vendredi,0,Été
20240803,8/3/2024,3,8,3,2024,Samedi,1,Été
20240804,8/4/2024,4,8,3,2024,Dimanche,1,Été
20240805,8/5/2024,5,8,3,2024,Lundi,0,Été
20240806,8/6/2024,6,8,3,2024,Mardi,0,Été
20240807,8/7/2024,7,8,3,2024,Mercredi,0,Été
20240808,8/8/2024,8,8,3,2024,Jeudi,0,Été
20240809,8/9/2024,9,8,3,2024,Vendredi,0,
20240810,8/10/2024,10,8,3,2024,Samedi,1,Été
20240811,8/11/2024,11,8,3,2024,Dimanche,1,Été
20240812,8/12/2024,12,8,3,2024,Lundi,0,Été
20240813,8/13/2024,13,8,3,2024,Mardi,0,Été
20240814,8/14/2024,14,8,3,2024,Mercredi,0,Été
20240815,8/15/2024,15,8,3,2024,Jeudi,0,Été
20240816,8/16/2024,16,8,3,2024,Vendredi,0,Été
20240817,8/17/2024,17,8,3,2024,Samedi,1,Été
20240818,8/18/2024,18,8,3,2024,Dimanche,1,Été
20240819,8/19/2024,19,8,3,2024,Lundi,0,Été
20240820,8/20/2024,20,8,3,2024,Mardi,0,Été
20240821,8/21/2024,21,8,3,2024,Mercredi,0,Été
20240822,8/22/2024,22,8,3,2024,Jeudi,0,Été
20240823,8/23/2024,23,8,3,2024,Vendredi,0,
20240824,8/24/2024,24,8,3,2024,Samedi,1,Été
20240825,8/25/2024,25,8,3,2024,Dimanche,1,Été
20240826,8/26/2024,26,8,3,2024,Lundi,0,Été
20240827,8/27/2024,27,8,3,2024,Mardi,0,Été
20240828,8/28/2024,28,8,3,2024,Mercredi,0,Été
20240829,8/29/2024,29,8,3,2024,Jeudi,0,Été
20240830,8/30/2024,30,8,3,2024,Vendredi,0,Été
20240831,8/31/2024,31,8,3,2024,Samedi,1,Été
20240901,9/1/2024,1,9,3,2024,Dimanche,1,Automne
20240902,9/2/2024,2,9,3,2024,Lundi,0,Automne
20240903,9/3/2024,3,9,3,2024,Mardi,0,Automne
20240904,9/4/2024,4,9,3,2024,Mercredi,0,Automne
20240905,9/5/2024,5,9,3,2024,Jeudi,0,Automne
20240906,9/6/2024,6,9,3,2024,Vendredi,0,Automne
20240907,9/7/2024,7,9,3,2024,Samedi,1,Automne
20240908,9/8/2024,8,9,3,2024,Dimanche,1,Automne
20240909,9/9/2024,9,9,3,2024,Lundi,0,Automne
20240910,9/10/2024,10,9,3,2024,Mardi,0,Automne
20240911,9/11/2024,11,9,3,2024,Mercredi,0,Automne
20240912,9/12/2024,12,9,3,2024,Jeudi,0,Automne
20240913,9/13/2024,13,9,3,2024,Vendredi,0,Automne
20240914,9/14/2024,14,9,3,2024,Samedi,1,Automne
20240915,9/15/2024,15,9,3,2024,Dimanche,1,Automne
20240916,9/16/2024,16,9,3,2024,Lundi,0,Automne
20240917,9/17/2024,17,9,3,2024,Mardi,0,Automne
20240918,9/18/2024,18,9,3,2024,Mercredi,0,Automne
20240919,9/19/2024,19,9,3,2024,Jeudi,0,Automne
20240920,9/20/2024,20,9,3,2024,Vendredi,0,Automne
20240921,9/21/2024,21,9,3,2024,Samedi,1,Automne
20240922,9/22/2024,22,9,3,2024,Dimanche,1,Automne
20240923,9/23/2024,23,9,3,2024,Lundi,0,Automne
20240924,9/24/2024,24,9,3,2024,Mardi,0,Automne
20240925,9/25/2024,25,9,3,2024,Mercredi,0,Automne
20240926,9/26/2024,26,9,3,2024,Jeudi,0,Automne
20240927,9/27/2024,27,9,3,2024,Vendredi,0,Automne
20240928,9/28/2024,28,9,3,2024,Samedi,1,Automne
20240929,9/29/2024,29,9,3,2024,Dimanche,1,
20240930,9/30/2024,30,9,3,2024,Lundi,0,Automne
20241001,10/1/2024,1,10,4,2024,Mardi,0,Automne
20241002,10/2/2024,2,10,4,2024,Mercredi,0,Automne
20241003,10/3/2024,3,10,4,2024,Jeudi,0,Automne
20241004,10/4/2024,4,10,4,2024,Vendredi,0,Automne
20241005,10/5/2024,5,10,4,2024,Samedi,1,Automne
20241006,10/6/2024,6,10,4,2024,Dimanche,1,Automne
20241007,10/7/2024,7,10,4,2024,Lundi,0,Automne
20241008,10/8/2024,8,10,4,2024,Mardi,0,Automne
20241009,10/9/2024,9,10,4,2024,Mercredi,0,Automne
20241010,10/10/2024,10,10,4,2024,Jeudi,0,Automne
20241011,10/11/2024,11,10,4,2024,Vendredi,0,Automne
20241012,10/12/2024,12,10,4,2024,Samedi,1,Automne
20241013,10/13/2024,13,10,4,2024,Dimanche,1,Automne
20241014,10/14/2024,14,10,4,2024,Lundi,0,Automne
20241015,10/15/2024,15,10,4,2024,Mardi,0,Automne
20241016,10/16/2024,16,10,4,2024,Mercredi,0,Automne
20241017,10/17/2024,17,10,4,2024,Jeudi,0,Automne
20241018,10/18/2024,18,10,4,2024,Vendredi,0,Automne
20241019,10/19/2024,19,10,4,2024,Samedi,1,Automne
20241020,10/20/2024,20,10,4,2024,Dimanche,1,Automne
20241021,10/21/2024,21,10,4,2024,Lundi,0,Automne
20241022,10/22/2024,22,10,4,2024,Mardi,0,Automne
20241023,10/23/2024,23,10,4,2024,Mercredi,0,Automne
20241024,10/24/2024,24,10,4,2024,Jeudi,0,Automne
20241025,10/25/2024,25,10,4,2024,Vendredi,0,Automne
20241026,10/26/2024,26,10,4,2024,Samedi,1,Automne
20241027,10/27/2024,27,10,4,2024,Dimanche,1,Automne
20241028,10/28/2024,28,10,4,2024,Lundi,0,Automne
20241029,10/29/2024,29,10,4,2024,Mardi,0,Automne
20241030,10/30/2024,30,10,4,2024,Mercredi,0,Automne
20241031,10/31/2024,31,10,4,2024,Jeudi,0,Automne
20241101,11/1/2024,1,11,4,2024,Vendredi,0,Automne
20241102,11/2/2024,2,11,4,2024,Samedi,1,Automne
20241103,11/3/2024,3,11,4,2024,Dimanche,1,Automne
20241104,11/4/2024,4,11,4,2024,Lundi,0,Automne
20241105,11/5/2024,5,11,4,2024,Mardi,0,
20241106,11/6/2024,6,11,4,2024,Mercredi,0,Automne
20241107,11/7/2024,7,11,4,2024,Jeudi,0,Automne
20241108,11/8/2024,8,11,4,2024,Vendredi,0,Automne
20241109,11/9/2024,9,11,4,2024,Samedi,1,Automne
20241110,11/10/2024,10,11,4,2024,Dimanche,1,Automne
20241111,11/11/2024,11,11,4,2024,Lundi,0,Automne
20241112,11/12/2024,12,11,4,2024,Mardi,0,Automne
20241113,11/13/2024,13,11,4,2024,Mercredi,0,Automne
20241114,11/14/2024,14,11,4,2024,Jeudi,0,Automne
20241115,11/15/2024,15,11,4,2024,Vendredi,0,Automne
20241116,11/16/2024,16,11,4,2024,Samedi,1,Automne
20241117,11/17/2024,17,11,4,2024,Dimanche,1,Automne
20241118,11/18/2024,18,11,4,2024,Lundi,0,Automne
20241119,11/19/2024,19,11,4,2024,Mardi,0,Automne
20241120,11/20/2024,20,11,4,2024,Mercredi,0,Automne
20241121,11/21/2024,21,11,4,2024,Jeudi,0,Automne
20241122,11/22/2024,22,11,4,2024,Vendredi,0,Automne
20241123,11/23/2024,23,11,4,2024,Samedi,1,Automne
20241124,11/24/2024,24,11,4,2024,Dimanche,1,Automne
20241125,11/25/2024,25,11,4,2024,Lundi,0,Automne
20241126,11/26/2024,26,11,4,2024,Mardi,0,Automne
20241127,11/27/2024,27,11,4,2024,Mercredi,0,Automne
20241128,11/28/2024,28,11,4,2024,Jeudi,0,Automne
20241129,11/29/2024,29,11,4,2024,Vendredi,0,Automne
20241130,11/30/2024,30,11,4,2024,Samedi,1,Automne
20241201,12/1/2024,1,12,4,2024,Dimanche,1,Hiver
20241202,12/2/2024,2,12,4,2024,Lundi,0,Hiver
20241203,12/3/2024,3,12,4,2024,Mardi,0,Hiver
20241204,12/4/2024,4,12,4,2024,Mercredi,0,Hiver
20241205,12/5/2024,5,12,4,2024,Jeudi,0,Hiver
20241206,6/12/2024,6,12,4,2024,Vendredi,0,Hiver
20241207,12/7/2024,7,12,4,2024,Samedi,1,Hiver
20241208,12/8/2024,8,12,4,2024,Dimanche,1,Hiver
20241209,12/9/2024,9,12,4,2024,Lundi,0,Hiver
20241210,12/10/2024,10,12,4,2024,Mardi,0,Hiver
20241211,12/11/2024,11,12,4,2024,Mercredi,0,Hiver
20241212,12/12/2024,12,12,4,2024,Jeudi,0,Hiver
20241213,12/13/2024,13,12,4,2024,Vendredi,0,Hiver
20241214,12/14/2024,14,12,4,2024,Samedi,1,Hiver
20241215,12/15/2024,15,12,4,2024,Dimanche,1,Hiver
20241216,12/16/2024,16,12,4,2024,Lundi,0,Hiver
20241217,12/17/2024,17,12,4,2024,Mardi,0,Hiver
20241218,12/18/2024,18,12,4,2024,Mercredi,0,Hiver
20241219,12/19/2024,19,12,4,2024,Jeudi,0,Hiver
20241220,12/20/2024,20,12,4,2024,Vendredi,0,Hiver
20241221,12/21/2024,21,12,4,2024,Samedi,1,Hiver
20241222,22/12/2024,22,12,4,2024,Dimanche,1,Hiver
20241223,12/23/2024,23,12,4,2024,Lundi,0,Hiver
20241224,12/24/2024,24,12,4,2024,Mardi,0,Hiver
20241225,12/25/2024,25,12,4,2024,Mercredi,0,Hiver
20241226,12/26/2024,26,12,4,2024,Jeudi,0,Hiver
20241227,12/27/2024,27,12,4,2024,Vendredi,0,Hiver
20241228,12/28/2024,28,12,4,2024,Samedi,1,Hiver
20241229,12/29/2024,29,12,4,2024,Dimanche,1,Hiver
20241230,12/30/2024,30,12,4,2024,Lundi,0,Hiver
20241231,12/31/2024,31,12,4,2024,Mardi,0,Hiver
